INSERT INTO Sucursales (id_sucursal, direccion, ciudad, telefono_fijo, celular, correo_electronico)
VALUES
(1, 'Carrera 7 # 45-30', 'Bogotá', 6012678, 1234567, 'bogota@autorental.com'),
(2, 'Calle 10 # 55-20', 'Medellín', 604543, 3154321, 'medellin@autorental.com'),
(3, 'Avenida 6 # 78-90', 'Cali', 6023243, 3169543, 'cali@autorental.com'),
(4, 'Calle 12 # 33-22', 'Cartagena', 601098, 3006546, 'cartagena@autorental.com'),
(5, 'Carrera 15 # 10-50', 'Barranquilla', 602432, 3155432, 'barranquilla@autorental.com');

INSERT INTO Empleados (id_empleado, cedula, nombre1, nombre2, apellido1, apellido2, direccion, ciudad, celular, correo_electronico, id_sucursal)
VALUES
(1, '1000000001', 'Carlos', 'Andrés', 'Gómez', 'Rodríguez', 'Carrera 7 # 45-30', 'Bogotá', 3001234, 'carlos.gomez@autorental.com', 1),
(2, '1000000002', 'Ana', 'María', 'Pérez', 'Martínez', 'Calle 8 # 15-40', 'Bogotá', 3102678, 'ana.perez@autorental.com', 1),
(3, '1000000003', 'Luis', 'Felipe', 'Martínez', 'Gómez', 'Avenida 15 # 30-60', 'Bogotá', 3002679, 'luis.martinez@autorental.com', 1),
(4, '1000000004', 'Sofía', 'Fernanda', 'López', 'Rojas', 'Calle 10 # 45-20', 'Bogotá', 3012670, 'sofia.lopez@autorental.com', 1),
(5, '1000000005', 'Pedro', 'Antonio', 'González', 'Hernández', 'Carrera 12 # 25-30', 'Bogotá', 3126789, 'pedro.gonzalez@autorental.com', 1),
(6, '1000000006', 'Juan', 'Carlos', 'Ramírez', 'Gómez', 'Avenida 14 # 40-50', 'Bogotá', 310210, 'juan.ramirez@autorental.com', 1),
(7, '1000000007', 'María', 'Elena', 'Hernández', 'Morales', 'Calle 12 # 25-50', 'Bogotá', 3112671, 'maria.hernandez@autorental.com', 1),
(8, '1000000008', 'Carlos', 'Eduardo', 'Paredes', 'Gutiérrez', 'Calle 15 # 20-60', 'Bogotá', 3076543, 'carlos.paredes@autorental.com', 1),
(9, '1000000009', 'Claudia', 'Marina', 'Sánchez', 'Córdoba', 'Carrera 7 # 50-60', 'Bogotá', 3126789, 'claudia.sanchez@autorental.com', 1),
(10, '1000000010', 'Miguel', 'Ángel', 'López', 'Méndez', 'Avenida 8 # 35-40', 'Bogotá', 3104321, 'miguel.lopez@autorental.com', 1),
(11, '1000000011', 'Laura', 'Jazmín', 'Martínez', 'Jiménez', 'Calle 18 # 50-10', 'Bogotá', 3111567, 'laura.martinez@autorental.com', 1),
(12, '1000000012', 'José', 'Luis', 'Cordero', 'Castillo', 'Carrera 9 # 15-10', 'Bogotá', 3007621, 'jose.cordero@autorental.com', 1),
(13, '1000000013', 'Antonio', 'Germán', 'Serrano', 'Valencia', 'Avenida 7 # 40-80', 'Bogotá', 3109870, 'antonio.serrano@autorental.com', 1),
(14, '1000000014', 'Silvia', 'Carolina', 'González', 'Torres', 'Calle 9 # 10-20', 'Bogotá', 3123481, 'silvia.gonzalez@autorental.com', 1),
(15, '1000000015', 'David', 'Esteban', 'Ramírez', 'Sánchez', 'Carrera 13 # 25-90', 'Bogotá', 311651, 'david.ramirez@autorental.com', 1),
(16, '1000000016', 'Eva', 'Cristina', 'Martínez', 'Gutiérrez', 'Avenida 16 # 60-40', 'Bogotá', 3045678, 'eva.martinez@autorental.com', 1),
(17, '1000000017', 'Ricardo', 'David', 'Pérez', 'Hernández', 'Calle 17 # 70-20', 'Bogotá', 3197321, 'ricardo.perez@autorental.com', 1),
(18, '1000000018', 'Gustavo', 'Alberto', 'Gómez', 'Vega', 'Carrera 11 # 40-30', 'Bogotá', 3065432, 'gustavo.gomez@autorental.com', 1),
(19, '1000000019', 'Sandra', 'Alejandra', 'Salazar', 'Moreno', 'Avenida 12 # 25-40', 'Bogotá', 3106543, 'sandra.salazar@autorental.com', 1),
(20, '1000000020', 'Juan', 'Carlos', 'Ramírez', 'Gómez', 'Avenida 20 # 50-10', 'Bogotá', 31098543, 'juan.ramirez@autorental.com', 1),
(21, '2000000001', 'Marta', 'Isabel', 'Rodríguez', 'Sánchez', 'Carrera 9 # 30-10', 'Medellín', 3209876, 'marta.rodriguez@autorental.com', 2),
(22, '2000000002', 'Carlos', 'Antonio', 'González', 'Torres', 'Calle 15 # 40-80', 'Medellín', 3198432, 'carlos.gonzalez@autorental.com', 2),
(23, '2000000003', 'Javier', 'Enrique', 'Hernández', 'Pérez', 'Avenida 25 # 35-50', 'Medellín', 3106543, 'javier.hernandez@autorental.com', 2),
(24, '2000000004', 'Paola', 'Margarita', 'Sánchez', 'López', 'Calle 5 # 15-60', 'Medellín', 3112378, 'paola.sanchez@autorental.com', 2),
(25, '2000000005', 'Luis', 'Enrique', 'Ramírez', 'González', 'Carrera 12 # 25-40', 'Medellín', 3156789, 'luis.ramirez@autorental.com', 2),
(26, '2000000006', 'Ana', 'Victoria', 'Torres', 'Rodríguez', 'Avenida 3 # 10-30', 'Medellín', 3194321, 'ana.torres@autorental.com', 2),
(27, '2000000007', 'Felipe', 'Esteban', 'Gómez', 'Martínez', 'Calle 14 # 55-40', 'Medellín', 3004321, 'felipe.gomez@autorental.com', 2),
(28, '2000000008', 'Luisa', 'Fernanda', 'Martínez', 'González', 'Avenida 11 # 20-50', 'Medellín', 3456780, 'luisa.martinez@autorental.com', 2),
(29, '2000000009', 'Carlos', 'Javier', 'Ramírez', 'Castro', 'Calle 10 # 60-20', 'Medellín', 3109877, 'carlos.ramirez@autorental.com', 2),
(30, '2000000010', 'Mónica', 'Cristina', 'López', 'Díaz', 'Carrera 13 # 30-60', 'Medellín', 3195430, 'monica.lopez@autorental.com', 2),
(31, '2000000011', 'Andrés', 'Felipe', 'Hernández', 'Rivas', 'Calle 4 # 40-80', 'Medellín', 3123782, 'andres.hernandez@autorental.com', 2),
(32, '2000000012', 'Patricia', 'Marina', 'Pérez', 'Rodríguez', 'Avenida 8 # 15-30', 'Medellín', 3549875, 'patricia.perez@autorental.com', 2),
(33, '2000000013', 'Luis', 'Carlos', 'Torres', 'Suárez', 'Carrera 2 # 20-60', 'Medellín', 3198438, 'luis.torres@autorental.com', 2),
(34, '2000000014', 'María', 'José', 'Vásquez', 'González', 'Calle 6 # 35-40', 'Medellín', 3119541, 'maria.vasquez@autorental.com', 2),
(35, '2000000015', 'Santiago', 'Antonio', 'Romero', 'Torres', 'Avenida 9 # 45-10', 'Medellín', 3126782, 'santiago.romero@autorental.com', 2),
(36, '2000000016', 'David', 'Felipe', 'Arce', 'Hernández', 'Calle 7 # 25-70', 'Medellín', 3108762, 'david.arce@autorental.com', 2),
(37, '2000000017', 'Rafael', 'Ricardo', 'Castro', 'Gómez', 'Carrera 8 # 10-20', 'Medellín', 3112670, 'rafael.castro@autorental.com', 2),
(38, '2000000018', 'Laura', 'Cristina', 'González', 'Moreno', 'Avenida 14 # 60-90', 'Medellín', 0976545, 'laura.gonzalez@autorental.com', 2),
(39, '2000000019', 'Carlos', 'Fernando', 'Pineda', 'Castro', 'Calle 11 # 50-20', 'Medellín', 3126783, 'carlos.pineda@autorental.com', 2),
(40, '2000000020', 'Sofía', 'Elena', 'López', 'Méndez', 'Carrera 12 # 45-50', 'Medellín', 3109840, 'sofia.lopez@autorental.com', 2),
(41, '3000000001', 'Raúl', 'Eduardo', 'Sánchez', 'Martínez', 'Avenida 3 # 40-50', 'Cali', 3206876, 'raul.sanchez@autorental.com', 3),
(42, '3000000002', 'Carlos', 'Antonio', 'Hernández', 'Córdoba', 'Calle 10 # 20-60', 'Cali', 3197321, 'carlos.hernandez@autorental.com', 3),
(43, '3000000003', 'Paola', 'María', 'Gómez', 'Pérez', 'Carrera 15 # 30-20', 'Cali', 3109876, 'paola.gomez@autorental.com', 3),
(44, '3000000004', 'Juliana', 'Lucía', 'Córdoba', 'Serrano', 'Avenida 5 # 10-10', 'Cali', 3207621, 'juliana.cordoba@autorental.com', 3),
(45, '3000000005', 'Eduardo', 'Alejandro', 'Ramírez', 'Martínez', 'Calle 6 # 30-80', 'Cali', 3119543, 'eduardo.ramirez@autorental.com', 3),
(46, '3000000006', 'Ana', 'Victoria', 'Serrano', 'Rivas', 'Carrera 7 # 40-30', 'Cali', 3108731, 'ana.serrano@autorental.com', 3),
(47, '3000000007', 'Felipe', 'Esteban', 'González', 'Torres', 'Avenida 8 # 25-50', 'Cali', 3123784, 'felipe.gonzalez@autorental.com', 3),
(48, '3000000008', 'Marta', 'Elena', 'Sánchez', 'Gómez', 'Calle 9 # 15-30', 'Cali', 3137890, 'marta.sanchez@autorental.com', 3),
(49, '3000000009', 'Luis', 'Carlos', 'Ramírez', 'González', 'Avenida 10 # 50-20', 'Cali', 31943210, 'luis.ramirez@autorental.com', 3),
(50, '3000000010', 'Jorge', 'Emilio', 'Vásquez', 'Morales', 'Carrera 11 # 20-30', 'Cali', 310123467, 'jorge.vasquez@autorental.com', 3),
(51, '3000000011', 'Ricardo', 'Javier', 'Alvarado', 'Torres', 'Calle 14 # 40-50', 'Cali', 3103489, 'ricardo.alvarado@autorental.com', 3),
(52, '3000000012', 'Lucía', 'Vanessa', 'Martínez', 'Ramírez', 'Carrera 10 # 15-25', 'Cali', 3126786, 'lucia.martinez@autorental.com', 3),
(53, '3000000013', 'Javier', 'Eduardo', 'Pérez', 'Vásquez', 'Avenida 13 # 45-60', 'Cali', 31065878, 'javier.perez@autorental.com', 3),
(54, '3000000014', 'Carlos', 'Emilio', 'Ramírez', 'Serrano', 'Calle 5 # 25-40', 'Cali', 31976320, 'carlos.ramirez@autorental.com', 3),
(55, '3000000015', 'Laura', 'Diana', 'González', 'Torres', 'Carrera 8 # 60-10', 'Cali', 3106548, 'laura.gonzalez@autorental.com', 3),
(56, '3000000016', 'Fernando', 'Antonio', 'Sánchez', 'Mendoza', 'Calle 11 # 20-50', 'Cali', 3123782, 'fernando.sanchez@autorental.com', 3),
(57, '3000000017', 'Susana', 'Patricia', 'Ramírez', 'Córdova', 'Carrera 9 # 30-40', 'Cali', 3109540, 'susana.ramirez@autorental.com', 3),
(58, '3000000018', 'Carlos', 'David', 'Martínez', 'Vega', 'Calle 7 # 15-30', 'Cali', 31987657, 'carlos.martinez@autorental.com', 3),
(59, '3000000019', 'Mónica', 'Alejandra', 'González', 'Hernández', 'Carrera 12 # 35-50', 'Cali', 31234783, 'monica.gonzalez@autorental.com', 3),
(60, '3000000020', 'Gerardo', 'Luis', 'Vásquez', 'López', 'Calle 18 # 50-60', 'Cali', 31012569, 'gerardo.vasquez@autorental.com', 3),
(61, '4000000001', 'Luis', 'Fernando', 'Córdoba', 'Pérez', 'Avenida 10 # 50-30', 'Cartagena', 31498743, 'luis.cordoba@autorental.com', 4),
(62, '4000000002', 'Mariana', 'Cecilia', 'Sánchez', 'Rodríguez', 'Calle 12 # 25-40', 'Cartagena', 3154321, 'mariana.sanchez@autorental.com', 4),
(63, '4000000003', 'Carlos', 'Luis', 'Torres', 'Hernández', 'Carrera 15 # 30-60', 'Cartagena', 3119843, 'carlos.torres@autorental.com', 4),
(64, '4000000004', 'Sofía', 'Elena', 'Ramírez', 'Pérez', 'Calle 5 # 20-30', 'Cartagena', 3198732, 'sofia.ramirez@autorental.com', 4),
(65, '4000000005', 'Eduardo', 'Javier', 'Martínez', 'Suárez', 'Avenida 8 # 60-70', 'Cartagena', 3123783, 'eduardo.martinez@autorental.com', 4),
(66, '4000000006', 'Ana', 'Isabel', 'Serrano', 'Torres', 'Carrera 7 # 15-20', 'Cartagena', 3101568, 'ana.serrano@autorental.com', 4),
(67, '4000000007', 'Carlos', 'Antonio', 'González', 'Martínez', 'Avenida 9 # 30-50', 'Cartagena', 3116576, 'carlos.gonzalez@autorental.com', 4),
(68, '4000000008', 'Juan', 'Carlos', 'Pérez', 'Méndez', 'Calle 6 # 40-60', 'Cartagena', 3109543, 'juan.perez@autorental.com', 4),
(69, '4000000009', 'María', 'Ángeles', 'Gómez', 'Hernández', 'Carrera 11 # 20-10', 'Cartagena', 3115670, 'maria.gomez@autorental.com', 4),
(70, '4000000010', 'José', 'Luis', 'Sánchez', 'Romero', 'Avenida 14 # 50-20', 'Cartagena', 3109876, 'jose.sanchez@autorental.com', 4),
(71, '4000000011', 'Elena', 'Victoria', 'Córdoba', 'Gómez', 'Calle 10 # 30-50', 'Cartagena', 3198761, 'elena.cordoba@autorental.com', 4),
(72, '4000000012', 'Martín', 'Antonio', 'González', 'Paredes', 'Avenida 13 # 45-60', 'Cartagena', 3106789, 'martin.gonzalez@autorental.com', 4),
(73, '4000000013', 'Patricia', 'Ivonne', 'Pérez', 'Suárez', 'Calle 4 # 20-30', 'Cartagena', 3107620, 'patricia.perez@autorental.com', 4),
(74, '4000000014', 'Javier', 'Ricardo', 'Vásquez', 'Romero', 'Avenida 7 # 40-50', 'Cartagena', 316784, 'javier.vasquez@autorental.com', 4),
(75, '4000000015', 'Laura', 'Isabel', 'Méndez', 'Torres', 'Carrera 5 # 25-35', 'Cartagena', 3101567, 'laura.mendez@autorental.com', 4),
(76, '4000000016', 'Alejandro', 'José', 'Gómez', 'Castro', 'Calle 8 # 30-70', 'Cartagena', 3115679, 'alejandro.gomez@autorental.com', 4),
(77, '4000000017', 'Beatriz', 'Adriana', 'Ramírez', 'Salazar', 'Carrera 9 # 10-20', 'Cartagena', 3149872, 'beatriz.ramirez@autorental.com', 4),
(78, '4000000018', 'Fernando', 'Emilio', 'Hernández', 'Martínez', 'Calle 13 # 35-60', 'Cartagena', 7654328, 'fernando.hernandez@autorental.com', 4),
(79, '4000000019', 'Marcos', 'Antonio', 'Córdoba', 'González', 'Avenida 6 # 50-40', 'Cartagena', 3123781, 'marcos.cordoba@autorental.com', 4),
(80, '4000000020', 'Raquel', 'Lucía', 'Suárez', 'Méndez', 'Calle 11 # 20-30', 'Cartagena', 310981, 'raquel.suarez@autorental.com', 4),
(81, '5000000005', 'Laura', 'Cristina', 'Paredes', 'Ramírez', 'Carrera 12 # 25-50', 'Barranquilla', 3123456, 'laura.paredes@autorental.com', 5),
(82, '5000000006', 'Antonio', 'Carlos', 'Serrano', 'Vega', 'Calle 9 # 40-50', 'Barranquilla', 3176544, 'antonio.serrano@autorental.com', 5),
(83, '5000000007', 'Felipe', 'Esteban', 'Torres', 'Hernández', 'Carrera 11 # 20-40', 'Barranquilla', 3112673, 'felipe.torres@autorental.com', 5),
(84, '5000000008', 'Marta', 'Elena', 'Pérez', 'Romero', 'Avenida 13 # 50-30', 'Barranquilla', 3104565, 'marta.perez@autorental.com', 5),
(85, '5000000009', 'Lucía', 'Paola', 'Sánchez', 'Méndez', 'Calle 7 # 35-40', 'Barranquilla', 3123789, 'lucia.sanchez@autorental.com', 5),
(86, '5000000010', 'José', 'Luis', 'Martínez', 'González', 'Carrera 14 # 45-30', 'Barranquilla', 314322, 'jose.martinez@autorental.com', 5),
(87, '5000000011', 'Marcela', 'Giselle', 'Fernández', 'Vásquez', 'Calle 4 # 20-60', 'Barranquilla', 3149871, 'marcela.fernandez@autorental.com', 5),
(88, '5000000012', 'Guillermo', 'Antonio', 'Sánchez', 'Pérez', 'Carrera 10 # 15-50', 'Barranquilla', 2345671, 'guillermo.sanchez@autorental.com', 5),
(89, '5000000013', 'Carolina', 'Inés', 'Martínez', 'Rojas', 'Avenida 2 # 10-30', 'Barranquilla', 3123478, 'carolina.martinez@autorental.com', 5),
(90, '5000000014', 'Raúl', 'Alberto', 'Mendoza', 'González', 'Calle 6 # 25-50', 'Barranquilla', 3107623, 'raul.mendoza@autorental.com', 5),
(91, '5000000015', 'Isabel', 'Teresa', 'Ruiz', 'Hernández', 'Avenida 5 # 30-40', 'Barranquilla', 3109540, 'isabel.ruiz@autorental.com', 5),
(92, '5000000016', 'José', 'Antonio', 'García', 'Martínez', 'Carrera 3 # 20-60', 'Barranquilla', 3112375, 'jose.garcia@autorental.com', 5),
(93, '5000000017', 'Ángela', 'Patricia', 'Rodríguez', 'Sánchez', 'Avenida 7 # 40-20', 'Barranquilla', 6549873, 'angela.rodriguez@autorental.com', 5),
(94, '5000000018', 'Sergio', 'Alejandro', 'Ceballos', 'Torres', 'Carrera 4 # 10-20', 'Barranquilla', 3195436, 'sergio.ceballos@autorental.com', 5),
(95, '5000000019', 'Mónica', 'Sofía', 'Díaz', 'Ramírez', 'Calle 7 # 30-40', 'Barranquilla', 3123784, 'monica.diaz@autorental.com', 5),
(96, '5000000020', 'Antonio', 'José', 'Núñez', 'Hernández', 'Avenida 9 # 45-30', 'Barranquilla', 3101566, 'antonio.nunez@autorental.com', 5),
(97, '5000000021', 'Lucía', 'Sofia', 'Torres', 'Ramírez', 'Calle 6 # 35-60', 'Barranquilla', 3156786, 'lucia.torres@autorental.com', 5),
(98, '5000000022', 'Ricardo', 'Julio', 'Gómez', 'Castro', 'Avenida 4 # 50-30', 'Barranquilla', 3109542, 'ricardo.gomez@autorental.com', 5),
(99, '5000000023', 'Héctor', 'Alejandro', 'Vargas', 'Serrano', 'Carrera 2 # 25-60', 'Barranquilla', 3145678, 'hector.vargas@autorental.com', 5),
(100, '5000000024', 'Sara', 'Mercedes', 'Ramírez', 'Vásquez', 'Calle 3 # 20-30', 'Barranquilla', 3107324, 'sara.ramirez@autorental.com', 5);

INSERT INTO Clientes (id_cliente, cedula, nombre1, nombre2, apellido1, apellido2, celular, correo_electronico)
VALUES
(1, '1234567890', 'Carlos', 'Andrés', 'García', 'Pérez', 3109873, 'carlos.garcia@correo.com'),
(2, '2345678901', 'Laura', 'Paola', 'Martínez', 'López', 3123489, 'laura.martinez@correo.com'),
(3, '3456789012', 'José', 'Antonio', 'Rodríguez', 'Sánchez', 3137890, 'jose.rodriguez@correo.com'),
(4, '4567890123', 'Ana', 'Isabel', 'Hernández', 'Gómez', 3145678, 'ana.hernandez@correo.com'),
(5, '5678901234', 'Carlos', 'Eduardo', 'Fernández', 'Vásquez', 3789012, 'carlos.fernandez@correo.com'),
(6, '6789012345', 'Sofía', 'Alejandra', 'Gómez', 'Torres', 3167893, 'sofia.gomez@correo.com'),
(7, '7890123456', 'Miguel', 'Ángel', 'Sánchez', 'Ramírez', 3178234, 'miguel.sanchez@correo.com'),
(8, '8901234567', 'Marta', 'Lucía', 'Pérez', 'Jiménez', 3189015, 'marta.perez@correo.com'),
(9, '9012345678', 'Luis', 'Fernando', 'Torres', 'Hernández', 3190126, 'luis.torres@correo.com'),
(10, '0123456789', 'Beatriz', 'Isabel', 'González', 'Salazar', 3204567, 'beatriz.gonzalez@correo.com'),
(11, '1123456789', 'Pedro', 'Juan', 'Díaz', 'Martínez', 321238, 'pedro.diaz@correo.com'),
(12, '2234567890', 'Ricardo', 'José', 'Vargas', 'Muñoz', 3456789, 'ricardo.vargas@correo.com'),
(13, '3345678901', 'María', 'Elena', 'López', 'Sánchez', 3567890, 'maria.lopez@correo.com'),
(14, '4456789012', 'José', 'Luis', 'Ramírez', 'González', 3678901, 'jose.ramirez@correo.com'),
(15, '5567890123', 'Laura', 'Cecilia', 'Martínez', 'Serrano', 3256012, 'laura.martinez@correo.com'),
(16, '6678901234', 'Juan', 'Carlos', 'Torres', 'Hernández', 3267823, 'juan.torres@correo.com'),
(17, '7789012345', 'Isabel', 'Paola', 'García', 'Vásquez', 3278234, 'isabel.garcia@correo.com'),
(18, '8890123456', 'Eduardo', 'Antonio', 'Gómez', 'Martínez', 3282345, 'eduardo.gomez@correo.com'),
(19, '9901234567', 'Patricia', 'María', 'Ramírez', 'Salazar', 3290456, 'patricia.ramirez@correo.com'),
(20, '1012345678', 'José', 'Alberto', 'Rodríguez', 'Martínez', 3301267, 'jose.rodriguez@correo.com'),
(21, '1123456790', 'Alejandra', 'Beatriz', 'Sánchez', 'Torres', 3312678, 'alejandra.sanchez@correo.com'),
(22, '2234567801', 'Marcos', 'Antonio', 'González', 'Pérez', 3323789, 'marcos.gonzalez@correo.com'),
(23, '3345678912', 'Nicolás', 'Ramón', 'Hernández', 'Jiménez', 3334890, 'nicolas.hernandez@correo.com'),
(24, '4456789023', 'Rocío', 'Mercedes', 'Torres', 'López', 3345901, 'rocio.torres@correo.com'),
(25, '5567890134', 'Antonio', 'José', 'González', 'Romero', 3389012, 'antonio.gonzalez@correo.com'),
(26, '6678901245', 'María', 'José', 'Vásquez', 'Ramírez', 3367823, 'maria.vasquez@correo.com'),
(27, '7789012356', 'Fernando', 'Héctor', 'Ramírez', 'Vásquez', 3371234, 'fernando.ramirez@correo.com'),
(28, '8890123467', 'Patricia', 'Lucía', 'Rodríguez', 'López', 3389345, 'patricia.rodriguez@correo.com'),
(29, '9901234578', 'Carlos', 'Manuel', 'Hernández', 'Salazar', 3393456, 'carlos.hernandez@correo.com'),
(30, '1012345789', 'Marta', 'Elena', 'Vargas', 'Romero', 3434567, 'marta.vargas@correo.com'),
(31, '1123456900', 'Javier', 'Luis', 'Martínez', 'González', 3412378, 'javier.martinez@correo.com'),
(32, '2234567011', 'Carlos', 'Alberto', 'Gómez', 'Rodríguez', 3426789, 'carlos.gomez@correo.com'),
(33, '3345678122', 'Elena', 'Sofia', 'Ramírez', 'Salazar', 3434890, 'elena.ramirez@correo.com'),
(34, '4456789233', 'Jorge', 'Luis', 'Sánchez', 'González', 3445901, 'jorge.sanchez@correo.com'),
(35, '5567890344', 'Andrea', 'Mariana', 'González', 'Pérez', 3459012, 'andrea.gonzalez@correo.com'),
(36, '6678901455', 'Rubén', 'Alberto', 'Hernández', 'Vásquez', 3460123, 'ruben.hernandez@correo.com'),
(37, '7789012566', 'José', 'Carlos', 'Ramírez', 'Torres', 3478234, 'jose.ramirez@correo.com'),
(38, '8890123677', 'Joaquín', 'José', 'Serrano', 'Jiménez', 3489045, 'joaquin.serrano@correo.com'),
(39, '9901234788', 'David', 'Enrique', 'Martínez', 'Salazar', 3490456, 'david.martinez@correo.com'),
(40, '1012345899', 'Lucía', 'Fernanda', 'Vásquez', 'Rodríguez', 3504567, 'lucia.vasquez@correo.com'),
(41, '1123457000', 'Mónica', 'Elena', 'González', 'Torres', 3512678, 'monica.gonzalez@correo.com'),
(42, '2234567111', 'Manuel', 'Antonio', 'Pérez', 'González', 3523489, 'manuel.perez@correo.com'),
(43, '3345678222', 'Raquel', 'María', 'Rodríguez', 'López', 3534890, 'raquel.rodriguez@correo.com'),
(44, '4456789333', 'Alba', 'Patricia', 'Serrano', 'González', 35478901, 'alba.serrano@correo.com'),
(45, '5567890444', 'Elena', 'Patricia', 'Torres', 'Vásquez', 3789012, 'elena.torres@correo.com'),
(46, '6678901555', 'Oscar', 'Luis', 'López', 'Ramírez', 3560123, 'oscar.lopez@correo.com'),
(47, '7789012666', 'Héctor', 'Mariano', 'Méndez', 'Torres', 3578934, 'hector.mendez@correo.com'),
(48, '8890123777', 'Ana', 'Victoria', 'Pérez', 'Vargas', 358945, 'ana.perez@correo.com'),
(49, '9901234888', 'Luis', 'Enrique', 'Ramírez', 'González', 35903456, 'luis.ramirez@correo.com'),
(50, '1012345900', 'Victoria', 'Alejandra', 'Torres', 'Serrano', 3634567, 'victoria.torres@correo.com'),
(51, '1123457111', 'Ricardo', 'José', 'Méndez', 'Rodríguez', 36678, 'ricardo.mendez@correo.com'),
(52, '2234567222', 'Pedro', 'Ángel', 'Vargas', 'Serrano', 3623459, 'pedro.vargas@correo.com'),
(53, '3345678333', 'Sandra', 'Beatriz', 'Gómez', 'Martínez', 3634590, 'sandra.gomez@correo.com'),
(54, '4456789444', 'Gabriel', 'Antonio', 'Pérez', 'Torres', 3645901, 'gabriel.perez@correo.com'),
(55, '5567890555', 'Claudia', 'Fernanda', 'Rodríguez', 'Sánchez', 3659012, 'claudia.rodriguez@correo.com'),
(56, '6678901666', 'Álvaro', 'José', 'Vásquez', 'Jiménez', 3890123, 'alvaro.vasquez@correo.com'),
(57, '7789012777', 'Mercedes', 'Isabel', 'Salazar', 'López', 3678934, 'mercedes.salazar@correo.com'),
(58, '8890123888', 'Carlos', 'Eduardo', 'Martínez', 'González', 3689345, 'carlos.martinez@correo.com'),
(59, '9901234999', 'María', 'Del Carmen', 'Sánchez', 'Ramírez', 3690456, 'maria.sanchez@correo.com'),
(60, '1012346011', 'Daniel', 'Francisco', 'Torres', 'Salazar', 3734567, 'daniel.torres@correo.com'),
(61, '1123457222', 'Andrea', 'Carolina', 'González', 'Ramírez', 3712378, 'andrea.gonzalez@correo.com'),
(62, '2234567333', 'Luis', 'Miguel', 'Rodríguez', 'Gómez', 3723489, 'luis.rodriguez@correo.com'),
(63, '3345678444', 'Silvia', 'Elena', 'Martínez', 'Torres', 3737890, 'silvia.martinez@correo.com'),
(64, '4456789555', 'Eduardo', 'José', 'Vargas', 'Pérez', 3745601, 'eduardo.vargas@correo.com'),
(65, '5567890666', 'Patricia', 'Cecilia', 'Torres', 'Romero', 3756012, 'patricia.torres@correo.com'),
(66, '6678901777', 'Ana', 'Lucía', 'Méndez', 'González', 3767123, 'ana.mendez@correo.com'),
(67, '7789012888', 'José', 'Manuel', 'Salazar', 'Martínez', 371234, 'jose.salazar@correo.com'),
(68, '8890123999', 'Ricardo', 'David', 'Sánchez', 'Ramírez', 3789345, 'ricardo.sanchez@correo.com'),
(69, '9901235000', 'Laura', 'Cristina', 'Vásquez', 'Torres', 3790156, 'laura.vasquez@correo.com'),
(70, '1012346122', 'José', 'Carlos', 'Hernández', 'González', 38012567, 'jose.hernandez@correo.com'),
(71, '1123457333', 'Iván', 'Felipe', 'Gómez', 'Salazar', 3812378, 'ivan.gomez@correo.com'),
(72, '2234567444', 'Carolina', 'Elena', 'Rodríguez', 'Pérez', 38236789, 'carolina.rodriguez@correo.com'),
(73, '3345678555', 'Fernando', 'José', 'Martínez', 'Vásquez', 3834590, 'fernando.martinez@correo.com'),
(74, '4456789666', 'Patricia', 'María', 'Vargas', 'López', 3845601, 'patricia.vargas@correo.com'),
(75, '5567890777', 'José', 'Enrique', 'Sánchez', 'Ramírez', 3856012, 'jose.sanchez@correo.com'),
(76, '6678901888', 'Sandra', 'Mariana', 'Torres', 'González', 3890123, 'sandra.torres@correo.com'),
(77, '7789012999', 'María', 'Teresa', 'López', 'Sánchez', 3878934, 'maria.lopez@correo.com'),
(78, '8890124111', 'Víctor', 'Héctor', 'González', 'Serrano', 3889345, 'victor.gonzalez@correo.com'),
(79, '9901235111', 'Antonio', 'Carlos', 'Martínez', 'González', 3890456, 'antonio.martinez@correo.com'),
(80, '1012346233', 'Alfredo', 'José', 'Ramírez', 'Pérez', 3901267, 'alfredo.ramirez@correo.com'),
(81, '1123457444', 'Fabiola', 'Carolina', 'Rodríguez', 'López', 3945678, 'fabiola.rodriguez@correo.com'),
(82, '2234567555', 'Juan', 'Carlos', 'Torres', 'Salazar', 3923489, 'juan.torres@correo.com'),
(83, '3345678666', 'Mónica', 'Paola', 'Gómez', 'Martínez', 3934590, 'monica.gomez@correo.com'),
(84, '4456789777', 'Luis', 'José', 'Vargas', 'Pérez', 3945901, 'luis.vargas@correo.com'),
(85, '5567890888', 'Lucía', 'Beatriz', 'González', 'Serrano', 3956782, 'lucia.gonzalez@correo.com'),
(86, '6678901999', 'Antonio', 'Luis', 'Sánchez', 'Ramírez', 3960123, 'antonio.sanchez@correo.com'),
(87, '7789013111', 'Daniela', 'Elena', 'Martínez', 'Torres', 3978904, 'daniela.martinez@correo.com'),
(88, '8890124222', 'Eduardo', 'Manuel', 'Hernández', 'Vásquez', 3012345, 'eduardo.hernandez@correo.com'),
(89, '9901235222', 'Sofía', 'María', 'Vargas', 'Torres', 3990156, 'sofia.vargas@correo.com'),
(90, '1012346344', 'Carlos', 'Rafael', 'Gómez', 'Ramírez', 4001567, 'carlos.gomez@correo.com'),
(91, '1123457555', 'Juan', 'Eduardo', 'Martínez', 'Vásquez', 4045678, 'juan.martinez@correo.com'),
(92, '2234567666', 'Ricardo', 'Javier', 'Serrano', 'González', 4026789, 'ricardo.serrano@correo.com'),
(93, '3345678777', 'Patricia', 'Elena', 'Torres', 'Sánchez', 4034890, 'patricia.torres@correo.com'),
(94, '4456789888', 'Carlos', 'Ricardo', 'Vargas', 'Ramírez', 40456901, 'carlos.vargas@correo.com'),
(95, '5567890999', 'Laura', 'Ana', 'Pérez', 'López', 4056782, 'laura.perez@correo.com'),
(96, '6678902111', 'Miguel', 'Felipe', 'Rodríguez', 'Gómez', 4090123, 'miguel.rodriguez@correo.com'),
(97, '7789013222', 'Juliana', 'Beatriz', 'Sánchez', 'Hernández', 4901234, 'juliana.sanchez@correo.com'),
(98, '8890124333', 'José', 'Eduardo', 'Vásquez', 'Pérez', 4089015, 'jose.vasquez@correo.com'),
(99, '9901235333', 'Sandra', 'Margarita', 'Torres', 'Ramírez', 40903456, 'sandra.torres@correo.com'),
(100, '1012346455', 'Rafael', 'Antonio', 'Hernández', 'González', 4134567, 'rafael.hernandez@correo.com');

INSERT INTO Tipo_vehiculo (id_tipoV, valor_alquiler_semana, valor_alquiler_dia, tipo)
VALUES
(1, 350000, 60000, 'Sedán Económico'),
(2, 450000, 75000, 'Sedán Compacto'),
(3, 700000, 120000, 'Camioneta 4x4'),
(4, 1000000, 180000, 'Camioneta de Lujo'),
(5, 550000, 90000, 'Deportivo'),
(6, 400000, 70000, 'SUV Familiar'),
(7, 600000, 105000, 'Familiar'),
(8, 350000, 65000, 'Hatchback'),
(9, 750000, 130000, 'Camioneta Pickup'),
(10, 800000, 140000, 'Crossover'),
(11, 900000, 150000, 'Minivan'),
(12, 1100000, 190000, 'Monovolumen'),
(13, 1200000, 200000, 'Convertible Deportivo'),
(14, 650000, 110000, 'Roadster'),
(15, 850000, 145000, 'Coupé');

INSERT INTO Vehiculos (id_vehiculo, placa, referencia, modelo, puertas, capacidad, sunroof, motor, color, id_tipoV)
VALUES
(1, 'ABC123', 101, 'Honda Civic 2022', 4, 5, 'Sí', '4 cilindros', 'Rojo', 1),
(2, 'DEF456', 102, 'Toyota Corolla 2023', 4, 5, 'No', '4 cilindros', 'Blanco', 1),
(3, 'GHI789', 103, 'Nissan Sentra 2021', 4, 5, 'Sí', '4 cilindros', 'Negro', 1),
(4, 'JKL012', 104, 'Mazda 3 2022', 4, 5, 'No', '4 cilindros', 'Azul', 2),
(5, 'MNO345', 105, 'Kia Forte 2023', 4, 5, 'Sí', '4 cilindros', 'Gris', 2),
(6, 'PQR678', 106, 'Hyundai Elantra 2021', 4, 5, 'Sí', '4 cilindros', 'Plata', 2),
(7, 'STU901', 107, 'Ford Ranger 2022', 4, 5, 'No', 'V6', 'Verde', 3),
(8, 'VWX234', 108, 'Chevrolet Colorado 2023', 4, 5, 'No', 'V6', 'Blanco', 3),
(9, 'YZA567', 109, 'Toyota Hilux 2021', 4, 5, 'No', 'V6', 'Rojo', 3),
(10, 'BCD890', 110, 'BMW X5 2022', 5, 7, 'Sí', 'V8', 'Negro', 4),
(11, 'EFG123', 111, 'Audi Q7 2023', 5, 7, 'Sí', 'V8', 'Azul', 4),
(12, 'HIJ456', 112, 'Mercedes-Benz GLE 2022', 5, 7, 'Sí', 'V8', 'Blanco', 4),
(13, 'KLM789', 113, 'Porsche 911 2022', 2, 2, 'Sí', 'V6', 'Amarillo', 5),
(14, 'NOP012', 114, 'Chevrolet Camaro 2023', 2, 2, 'Sí', 'V8', 'Rojo', 5),
(15, 'QRS345', 115, 'Ford Mustang 2021', 2, 2, 'Sí', 'V8', 'Negro', 5),
(16, 'TUV678', 116, 'Toyota Land Cruiser 2022', 5, 7, 'No', 'V8', 'Verde', 6),
(17, 'WXY901', 117, 'Jeep Grand Cherokee 2023', 5, 7, 'Sí', 'V8', 'Blanco', 6),
(18, 'ZAB234', 118, 'Hyundai Santa Fe 2021', 5, 7, 'No', 'V6', 'Azul', 6),
(19, 'CDE567', 119, 'Ford Escape 2022', 5, 5, 'No', 'V6', 'Rojo', 7),
(20, 'FGH890', 120, 'Nissan Rogue 2023', 5, 5, 'Sí', 'V6', 'Gris', 7),
(21, 'IJK123', 121, 'Chevrolet Traverse 2021', 5, 7, 'No', 'V6', 'Plata', 7),
(22, 'LMN456', 122, 'Honda CR-V 2022', 5, 5, 'Sí', 'V4', 'Negro', 8),
(23, 'OPQ789', 123, 'Mazda CX-5 2023', 5, 5, 'No', 'V4', 'Azul', 8),
(24, 'RST012', 124, 'Toyota RAV4 2021', 5, 5, 'Sí', 'V4', 'Blanco', 8),
(25, 'UVW345', 125, 'GMC Sierra 2022', 4, 5, 'No', 'V8', 'Rojo', 9),
(26, 'XYZ678', 126, 'Ford F-150 2023', 4, 5, 'No', 'V8', 'Negro', 9),
(27, 'ABC901', 127, 'Chevrolet Silverado 2021', 4, 5, 'No', 'V8', 'Gris', 9),
(28, 'DEF234', 128, 'Honda Pilot 2022', 5, 7, 'Sí', 'V6', 'Azul', 10),
(29, 'GHI567', 129, 'Mazda CX-9 2023', 5, 7, 'No', 'V6', 'Rojo', 10),
(30, 'JKL890', 130, 'Nissan Pathfinder 2021', 5, 7, 'Sí', 'V6', 'Negro', 10),
(31, 'MNO123', 131, 'Ford Expedition 2022', 5, 7, 'Sí', 'V8', 'Blanco', 11),
(32, 'PQR456', 132, 'Chevrolet Suburban 2023', 5, 7, 'Sí', 'V8', 'Gris', 11),
(33, 'STU789', 133, 'Toyota Sequoia 2021', 5, 7, 'Sí', 'V8', 'Plata', 11),
(34, 'VWX012', 134, 'BMW X6 2022', 5, 7, 'Sí', 'V8', 'Rojo', 12),
(35, 'YZA345', 135, 'Audi Q8 2023', 5, 7, 'Sí', 'V8', 'Negro', 12),
(36, 'BCD678', 136, 'Mercedes-Benz G-Class 2021', 5, 7, 'Sí', 'V8', 'Azul', 12),
(37, 'EFG901', 137, 'Porsche Cayenne 2022', 5, 7, 'Sí', 'V8', 'Gris', 13),
(38, 'HIJ234', 138, 'Lamborghini Huracán 2023', 2, 2, 'Sí', 'V10', 'Amarillo', 13),
(39, 'KLM567', 139, 'Ferrari 488 GTB 2021', 2, 2, 'Sí', 'V8', 'Rojo', 13),
(40, 'NOP890', 140, 'Chevrolet Corvette 2022', 2, 2, 'Sí', 'V8', 'Negro', 13),
(41, 'QRS123', 141, 'Mazda MX-5 2023', 2, 2, 'Sí', '4 cilindros', 'Blanco', 14),
(42, 'TUV456', 142, 'BMW Z4 2021', 2, 2, 'Sí', '6 cilindros', 'Rojo', 14),
(43, 'WXY789', 143, 'Porsche Boxster 2022', 2, 2, 'Sí', '6 cilindros', 'Amarillo', 14),
(44, 'ZAB012', 144, 'Chevrolet Spark 2022', 4, 4, 'No', '4 cilindros', 'Azul', 15),
(45, 'CDE345', 145, 'Ford Fiesta 2023', 4, 4, 'No', '4 cilindros', 'Plata', 15),
(46, 'FGH678', 146, 'Toyota Yaris 2021', 4, 4, 'No', '4 cilindros', 'Rojo', 15),
(47, 'IJK901', 147, 'Honda Accord 2022', 4, 5, 'Sí', '4 cilindros', 'Negro', 1),
(48, 'LMN234', 148, 'Nissan Altima 2023', 4, 5, 'No', '4 cilindros', 'Blanco', 1),
(49, 'OPQ567', 149, 'Kia Optima 2021', 4, 5, 'Sí', '4 cilindros', 'Azul', 1),
(50, 'RST890', 150, 'Hyundai Sonata 2022', 4, 5, 'No', '4 cilindros', 'Plata', 2),
(51, 'UVW123', 151, 'Volkswagen Jetta 2023', 4, 5, 'Sí', '4 cilindros', 'Gris', 2),
(52, 'XYZ456', 152, 'Chevrolet Malibu 2021', 4, 5, 'No', '4 cilindros', 'Rojo', 2),
(53, 'ABC789', 153, 'Hyundai Tucson 2022', 5, 5, 'Sí', 'V6', 'Negro', 6),
(54, 'DEF012', 154, 'Nissan Murano 2023', 5, 5, 'Sí', 'V6', 'Blanco', 6),
(55, 'GHI345', 155, 'Ford Edge 2021', 5, 5, 'Sí', 'V6', 'Azul', 6),
(56, 'JKL678', 156, 'Kia Sorento 2022', 5, 7, 'Sí', 'V6', 'Gris', 7),
(57, 'MNO901', 157, 'Mazda CX-5 2023', 5, 5, 'No', 'V4', 'Plata', 7),
(58, 'PQR234', 158, 'Chevrolet Traverse 2021', 5, 7, 'Sí', 'V6', 'Rojo', 7),
(59, 'STU567', 159, 'Jeep Cherokee 2022', 5, 5, 'No', 'V6', 'Negro', 8),
(60, 'VWX890', 160, 'Toyota RAV4 2023', 5, 5, 'Sí', 'V4', 'Azul', 8),
(61, 'YZA123', 161, 'Honda CR-V 2021', 5, 5, 'Sí', 'V4', 'Blanco', 8),
(62, 'BCD456', 162, 'Chevrolet Equinox 2022', 5, 5, 'No', 'V6', 'Gris', 9),
(63, 'EFG789', 163, 'Ford Explorer 2023', 5, 5, 'Sí', 'V6', 'Rojo', 9),
(64, 'HIJ012', 164, 'Mazda CX-9 2021', 5, 7, 'Sí', 'V6', 'Negro', 9),
(65, 'KLM345', 165, 'Hyundai Palisade 2022', 5, 7, 'Sí', 'V6', 'Plata', 10),
(66, 'NOP678', 166, 'Kia Telluride 2023', 5, 7, 'No', 'V6', 'Azul', 10),
(67, 'QRS901', 167, 'Nissan Pathfinder 2021', 5, 7, 'Sí', 'V6', 'Rojo', 10),
(68, 'TUV234', 168, 'Ford Expedition 2022', 5, 7, 'Sí', 'V8', 'Negro', 11),
(69, 'WXY567', 169, 'Chevrolet Suburban 2023', 5, 7, 'Sí', 'V8', 'Gris', 11),
(70, 'ZAB890', 170, 'Toyota Sequoia 2021', 5, 7, 'Sí', 'V8', 'Azul', 11),
(71, 'CDE123', 171, 'BMW X6 2022', 5, 7, 'Sí', 'V8', 'Rojo', 12),
(72, 'FGH456', 172, 'Audi Q8 2023', 5, 7, 'Sí', 'V8', 'Negro', 12),
(73, 'IJK789', 173, 'Mercedes-Benz G-Class 2021', 5, 7, 'Sí', 'V8', 'Azul', 12),
(74, 'LMN012', 174, 'Porsche Cayenne 2022', 5, 7, 'Sí', 'V8', 'Gris', 13),
(75, 'OPQ345', 175, 'Lamborghini Huracán 2023', 2, 2, 'Sí', 'V10', 'Amarillo', 13),
(76, 'RST678', 176, 'Ferrari 488 GTB 2021', 2, 2, 'Sí', 'V8', 'Rojo', 13),
(77, 'UVW901', 177, 'Chevrolet Corvette 2022', 2, 2, 'Sí', 'V8', 'Negro', 13),
(78, 'XYZ234', 178, 'Mazda MX-5 2023', 2, 2, 'Sí', '4 cilindros', 'Blanco', 14),
(79, 'ABC567', 179, 'BMW Z4 2021', 2, 2, 'Sí', '6 cilindros', 'Rojo', 14),
(80, 'DEF890', 180, 'Porsche Boxster 2022', 2, 2, 'Sí', '6 cilindros', 'Amarillo', 14),
(81, 'XYZ999', 181, 'Chevrolet Spark 2023', 4, 4, 'No', '4 cilindros', 'Azul', 15),
(82, 'ABC111', 182, 'Ford Fiesta 2022', 4, 4, 'No', '4 cilindros', 'Plata', 15),
(83, 'DEF222', 183, 'Toyota Yaris 2021', 4, 4, 'No', '4 cilindros', 'Rojo', 15),
(84, 'GHI333', 184, 'Honda Fit 2022', 4, 5, 'No', '4 cilindros', 'Negro', 15),
(85, 'JKL444', 185, 'Nissan Versa 2023', 4, 5, 'No', '4 cilindros', 'Blanco', 15),
(86, 'MNO555', 186, 'Hyundai Accent 2021', 4, 5, 'No', '4 cilindros', 'Gris', 15),
(87, 'PQR666', 187, 'Kia Rio 2022', 4, 5, 'No', '4 cilindros', 'Verde', 15),
(88, 'STU777', 188, 'Chevrolet Aveo 2023', 4, 5, 'No', '4 cilindros', 'Amarillo', 15),
(89, 'VWX888', 189, 'Mazda 2 2021', 4, 5, 'No', '4 cilindros', 'Naranja', 15),
(90, 'YZA999', 190, 'Volkswagen Polo 2022', 4, 5, 'No', '4 cilindros', 'Marrón', 15),
(91, 'BCD010', 191, 'Ford Ka 2021', 4, 4, 'No', '4 cilindros', 'Rojo', 15),
(92, 'EFG121', 192, 'Nissan March 2022', 4, 4, 'No', '4 cilindros', 'Azul', 15),
(93, 'HIJ232', 193, 'Renault Kwid 2023', 4, 4, 'No', '4 cilindros', 'Blanco', 15),
(94, 'KLM343', 194, 'Fiat Panda 2021', 4, 4, 'No', '4 cilindros', 'Plata', 15),
(95, 'NOP454', 195, 'Suzuki Swift 2022', 4, 4, 'No', '4 cilindros', 'Negro', 15);

INSERT INTO Alquileres (id_alquiler, fecha_salida, fecha_llegada, fecha_esperada, valor_cotizado, valor_pagado, id_vehiculo, id_cliente, id_empleado, id_sucursal)
VALUES
(1, '2024-10-01', '2024-10-08', '2024-10-07', 350000, 350000, 1, 1, 1, 1),
(2, '2024-10-01', '2024-10-10', '2024-10-07', 700000, 756000, 2, 2, 2, 1),
(3, '2024-10-05', '2024-10-12', '2024-10-12', 500000, 500000, 3, 3, 3, 2),
(4, '2024-10-03', '2024-10-10', '2024-10-10', 350000, 350000, 4, 4, 4, 2),
(5, '2024-10-10', '2024-10-15', '2024-10-12', 450000, 486000, 5, 5, 5, 3),
(6, '2024-10-01', '2024-10-08', '2024-10-08', 600000, 600000, 6, 6, 6, 3),
(7, '2024-10-07', '2024-10-14', '2024-10-10', 800000, 864000, 7, 7, 7, 4),
(8, '2024-10-02', '2024-10-09', '2024-10-09', 550000, 550000, 8, 8, 8, 4),
(9, '2024-10-01', '2024-10-10', '2024-10-05', 300000, 324000, 9, 9, 9, 5),
(10, '2024-10-04', '2024-10-11', '2024-10-11', 450000, 450000, 10, 10, 10, 5),
(11, '2024-10-01', '2024-10-07', '2024-10-07', 650000, 650000, 11, 11, 11, 5),
(12, '2024-10-10', '2024-10-14', '2024-10-12', 400000, 432000, 12, 12, 12, 5),
(13, '2024-10-05', '2024-10-12', '2024-10-12', 600000, 600000, 13, 13, 13, 1),
(14, '2024-10-03', '2024-10-10', '2024-10-10', 450000, 450000, 14, 14, 14, 2),
(15, '2024-10-02', '2024-10-09', '2024-10-09', 350000, 350000, 15, 15, 15, 2),
(16, '2024-10-06', '2024-10-14', '2024-10-10', 500000, 540000, 16, 16, 16, 3),
(17, '2024-10-08', '2024-10-15', '2024-10-10', 700000, 756000, 17, 17, 17, 4),
(18, '2024-10-01', '2024-10-10', '2024-10-10', 500000, 500000, 18, 18, 18, 5),
(19, '2024-10-04', '2024-10-11', '2024-10-11', 450000, 450000, 19, 19, 19, 1),
(20, '2024-10-07', '2024-10-14', '2024-10-13', 600000, 648000, 20, 20, 20, 2),
(21, '2024-10-01', '2024-10-08', '2024-10-08', 450000, 450000, 21, 21, 21, 3),
(22, '2024-10-01', '2024-10-08', '2024-10-07', 350000, 350000, 22, 22, 22, 4),
(23, '2024-10-05', '2024-10-12', '2024-10-12', 500000, 500000, 23, 23, 23, 5),
(24, '2024-10-06', '2024-10-13', '2024-10-12', 450000, 486000, 24, 24, 24, 1),
(25, '2024-10-02', '2024-10-09', '2024-10-08', 550000, 550000, 25, 25, 25, 2),
(26, '2024-10-03', '2024-10-10', '2024-10-10', 450000, 450000, 26, 26, 26, 3),
(27, '2024-10-08', '2024-10-15', '2024-10-10', 800000, 864000, 27, 27, 27, 4),
(28, '2024-10-01', '2024-10-07', '2024-10-07', 400000, 400000, 28, 28, 28, 5),
(29, '2024-10-05', '2024-10-12', '2024-10-11', 500000, 540000, 29, 29, 29, 1),
(30, '2024-10-01', '2024-10-07', '2024-10-06', 450000, 486000, 30, 30, 30, 2),
(31, '2024-10-03', '2024-10-09', '2024-10-08', 350000, 350000, 31, 31, 31, 3),
(32, '2024-10-07', '2024-10-14', '2024-10-10', 450000, 486000, 32, 32, 32, 4),
(33, '2024-10-06', '2024-10-12', '2024-10-10', 500000, 540000, 33, 33, 33, 5),
(34, '2024-10-02', '2024-10-08', '2024-10-09', 400000, 400000, 34, 34, 34, 1),
(35, '2024-10-01', '2024-10-07', '2024-10-07', 450000, 450000, 35, 35, 35, 2),
(36, '2024-10-10', '2024-10-16', '2024-10-12', 600000, 648000, 36, 36, 36, 3),
(37, '2024-10-03', '2024-10-09', '2024-10-08', 350000, 350000, 37, 37, 37, 4),
(38, '2024-10-02', '2024-10-09', '2024-10-08', 450000, 450000, 38, 38, 38, 5),
(39, '2024-10-05', '2024-10-12', '2024-10-11', 600000, 648000, 39, 39, 39, 1),
(40, '2024-10-01', '2024-10-08', '2024-10-07', 350000, 350000, 40, 40, 40, 2),
(41, '2024-10-06', '2024-10-13', '2024-10-10', 500000, 540000, 41, 41, 41, 3),
(42, '2024-10-01', '2024-10-08', '2024-10-07', 450000, 450000, 42, 42, 42, 4),
(43, '2024-10-02', '2024-10-09', '2024-10-08', 350000, 350000, 43, 43, 43, 5),
(44, '2024-10-03', '2024-10-10', '2024-10-10', 400000, 400000, 44, 44, 44, 1),
(45, '2024-10-07', '2024-10-14', '2024-10-12', 800000, 864000, 45, 45, 45, 2),
(46, '2024-10-01', '2024-10-08', '2024-10-07', 600000, 600000, 46, 46, 46, 3),
(47, '2024-10-02', '2024-10-09', '2024-10-09', 450000, 450000, 47, 47, 47, 4),
(48, '2024-10-05', '2024-10-12', '2024-10-12', 500000, 500000, 48, 48, 48, 5),
(49, '2024-10-06', '2024-10-13', '2024-10-12', 400000, 432000, 49, 49, 49, 1),
(50, '2024-10-07', '2024-10-14', '2024-10-12', 450000, 486000, 50, 50, 50, 2),
(51, '2024-10-01', '2024-10-08', '2024-10-07', 350000, 350000, 51, 51, 51, 3),
(52, '2024-10-06', '2024-10-13', '2024-10-10', 500000, 540000, 52, 52, 52, 4),
(53, '2024-10-02', '2024-10-09', '2024-10-09', 400000, 400000, 53, 53, 53, 5),
(54, '2024-10-03', '2024-10-10', '2024-10-09', 450000, 450000, 54, 54, 54, 1),
(55, '2024-10-04', '2024-10-11', '2024-10-11', 600000, 600000, 55, 55, 55, 2),
(56, '2024-10-01', '2024-10-07', '2024-10-07', 350000, 350000, 56, 56, 56, 3),
(57, '2024-10-07', '2024-10-14', '2024-10-12', 800000, 864000, 57, 57, 57, 4),
(58, '2024-10-06', '2024-10-13', '2024-10-10', 450000, 486000, 58, 58, 58, 5),
(59, '2024-10-01', '2024-10-07', '2024-10-06', 400000, 432000, 59, 59, 59, 1),
(60, '2024-10-02', '2024-10-09', '2024-10-09', 550000, 550000, 60, 60, 60, 2),
(61, '2024-10-01', '2024-10-08', '2024-10-07', 600000, 600000, 61, 61, 61, 3),
(62, '2024-10-03', '2024-10-09', '2024-10-08', 400000, 400000, 62, 62, 62, 4),
(63, '2024-10-05', '2024-10-12', '2024-10-12', 500000, 500000, 63, 63, 63, 5),
(64, '2024-10-07', '2024-10-14', '2024-10-12', 800000, 864000, 64, 64, 64, 1),
(65, '2024-10-02', '2024-10-09', '2024-10-09', 350000, 350000, 65, 65, 65, 2),
(66, '2024-10-03', '2024-10-10', '2024-10-09', 450000, 450000, 66, 66, 66, 3),
(67, '2024-10-01', '2024-10-07', '2024-10-07', 350000, 350000, 67, 67, 67, 4),
(68, '2024-10-10', '2024-10-15', '2024-10-12', 600000, 648000, 68, 68, 68, 5),
(69, '2024-10-06', '2024-10-13', '2024-10-12', 500000, 540000, 69, 69, 69, 1),
(70, '2024-10-07', '2024-10-14', '2024-10-10', 450000, 486000, 70, 70, 70, 2);

INSERT INTO Descuentos (id_descuento, fecha_inicio, fecha_fin, porcentaje_descuento, id_tipoV)
VALUES
(1, '2024-10-01', '2024-10-15', 10, 1),
(2, '2024-10-01', '2024-10-15', 15, 2), 
(3, '2024-10-01', '2024-10-15', 5, 3),   
(4, '2024-10-01', '2024-10-15', 20, 4), 
(5, '2024-10-05', '2024-10-12', 25, 5),  
(6, '2024-10-05', '2024-10-15', 12, 6), 
(7, '2024-10-10', '2024-10-15', 10, 7),  
(8, '2024-10-01', '2024-10-15', 18, 8),  
(9, '2024-10-01', '2024-10-10', 8, 9),  
(10, '2024-10-05', '2024-10-12', 22, 10),
(11, '2024-10-01', '2024-10-15', 15, 11), 
(12, '2024-10-01', '2024-10-10', 30, 12),
(13, '2024-10-01', '2024-10-15', 20, 13),
(14, '2024-10-01', '2024-10-10', 10, 14),
(15, '2024-10-01', '2024-10-15', 5, 15);